0,0,0.0012709994
0.0000002734446,0.00000007379177,0.0038152433
0.0000013676329,0.00000036906943,0.007634962
0.000004103765,0.0000011074422,0.01273237
0.0000095766245,0.0000025843483,0.019109663
0.000019153886,0.0000051688685,0.026769014
0.00003447505,0.000009303441,0.035712574
0.000057450015,0.000015503472,0.045942463
0.00009025723,0.000024356847,0.05746077
0.0001353415,0.000036523328,0.07026954
0.00019541138,0.00005273387,0.08437078
0.00027343616,0.0000737898,0.09976643
0.00037264248,0.00010056191,0.1164584
0.00049651053,0.00013398945,0.13444851
0.0006487698,0.00017507897,0.15373851
0.00083339436,0.00022490308,0.17433009
0.001054598,0.00028459917,0.19622481
0.0013168287,0.00035536787,0.21942416
0.0016247625,0.00043847153,0.24392952
0.0019832978,0.0005352325,0.26974216
0.0023975475,0.00064703135,0.29686323
0.002872833,0.0007753051,0.32529372
0.003414676,0.00092154497,0.3550345
0.0040287906,0.0010872945,0.3860863
0.0047210753,0.0012741473,0.41844964
0.0054976037,0.0014837444,0.45212498
0.006364615,0.0017177723,0.48711252
0.0073285056,0.0019779606,0.5234123
0.008395818,0.0022660785,0.5610241
0.0095732305,0.002583933,0.59994775
0.010867548,0.0029333662,0.6401826
0.012285691,0.0033162513,0.681728
0.01383468,0.003734491,0.724583
0.0155216325,0.004190014,0.7687465
0.017353741,0.0046847723,0.8142171
0.019338273,0.0052207364,0.86099327
0.021482542,0.005799895,0.9090733
0.023793915,0.0064242496,0.9584552
0.026279788,0.0070958124,1.0091368
0.028947573,0.0078166025,1.0611157
0.03180469,0.008588643,1.1143895
0.034858547,0.009413958,1.1689554
0.03811654,0.010294568,1.2248105
0.041586034,0.011232489,1.2819517
0.045274343,0.012229727,1.3403757
0.049188726,0.013288275,1.400079
0.05333637,0.014410114,1.4610583
0.057724383,0.015597202,1.5233096
0.062359776,0.016851477,1.5868293
0.067249455,0.018174855,1.6516135
0.07240021,0.01956922,1.717658
0.0778187,0.02103643,1.7849588
0.083511434,0.022578305,1.8535118
0.08948478,0.024196632,1.9233128
0.09574494,0.02589316,1.9943575
0.10229794,0.027669592,2.0666416
0.10914962,0.029527592,2.140161
0.11630564,0.031468775,2.2149115
0.123771444,0.03349471,2.2908888
0.13155228,0.035606913,2.3680887
0.13965315,0.037806846,2.4465075
0.14807884,0.040095918,2.526141
0.15683393,0.04247548,2.606985
0.16592272,0.044946827,2.6890364
0.17534927,0.04751119,2.7722914
0.18511738,0.050169736,2.8567467
0.1952306,0.052923575,2.9423988
0.2056922,0.055773746,3.029245
0.21650518,0.058721222,3.117282
0.22767228,0.06176691,3.2065074
0.23919593,0.06491165,3.296919
0.25107828,0.068156205,3.3885148
0.2633212,0.07150127,3.4812925
0.27592623,0.07494747,3.5752506
0.2888947,0.07849535,3.670388
0.30222756,0.08214541,3.7667034
0.31592548,0.08589803,3.864196
0.32998884,0.08975354,3.9628658
0.3444177,0.093712196,4.0627127
0.35921183,0.09777417,4.1637363
0.3743707,0.101939574,4.2659373
0.38989344,0.10620842,4.369317
0.4057789,0.11058066,4.473876
0.42202565,0.115056165,4.579616
0.43863192,0.119634725,4.6865387
0.45559564,0.12431606,4.7946463
0.47291446,0.1290998,4.903941
0.4905857,0.13398552,5.014426
0.50860643,0.1389727,5.1261044
0.5269734,0.14406076,5.2389784
0.54568315,0.14924905,5.3530526
0.5647317,0.1545368,5.4683304
0.5841151,0.15992323,5.584816
0.6038289,0.16540743,5.7025137
0.62386847,0.17098847,5.8214283
0.6442289,0.1766653,5.9415646
0.66490495,0.18243685,6.0629272
0.68589133,0.18830194,6.1855216
0.7071823,0.19425933,6.3093534
0.7287719,0.20030774,6.4344277
0.7506541,0.2064458,6.5607505
0.77282244,0.21267208,6.688328
0.7952704,0.21898511,6.8171654
0.81799114,0.22538333,6.947269
0.8409778,0.23186514,7.0786448
0.86422306,0.2384289,7.211299
0.8877197,0.2450729,7.3452377
0.91146016,0.25179538,7.4804673
0.9354368,0.25859454,7.616994
0.9596418,0.26546854,7.7548237
0.9840673,0.27241546,7.893963
1.0087053,0.2794334,8.034417
1.0335474,0.2865204,8.176193
1.0585855,0.29367444,8.319296
1.0838114,0.30089355,8.463732
1.1092166,0.30817562,8.609507
1.1347926,0.31551862,8.756625
1.160531,0.32292044,8.905093
1.1864234,0.33037895,9.054916
1.2124611,0.33789206,9.2060995
1.2386357,0.34545764,9.358647
1.2649387,0.35307357,9.512565
1.2913617,0.36073768,9.667855
1.3178962,0.36844787,9.824524
1.344534,0.37620202,9.982574
1.3712667,0.383998,10.142012
1.3980862,0.39183372,10.302838
1.4249845,0.3997071,10.465057
1.4519534,0.4076161,10.628673
1.4789853,0.41555867,10.793687
1.5060725,0.42353278,10.960103
1.5332075,0.43153653,11.127924
1.560383,0.43956792,11.297152
1.5875918,0.4476251,11.467788
1.6148269,0.4557062,11.639834
1.6420816,0.46380943,11.8132925
1.6693493,0.471933,11.988165
1.6966238,0.48007527,12.164452
1.7238989,0.48823455,12.3421545
1.7511688,0.49640927,12.521275
1.7784281,0.5045979,12.701812
1.8056713,0.512799,12.883767
1.8328936,0.52101123,13.067142
1.8600901,0.52923316,13.251934
1.8872564,0.5374636,13.438146
1.9143883,0.5457014,13.625776
1.9414821,0.55394536,13.814826
1.9685341,0.5621946,14.005295
1.9955412,0.5704481,14.197182
2.0225005,0.578705,14.390487
2.0494094,0.5869646,14.585209
2.0762656,0.5952261,14.781348
2.1030672,0.603489,14.978904
2.1298125,0.6117527,15.177875
2.1565003,0.6200168,15.378261
2.1831298,0.62828106,15.580061
2.2097003,0.6365451,15.783274
2.2362115,0.6448089,15.987899
2.2626636,0.65307224,16.193935
2.289057,0.66133523,16.401382
2.3153925,0.669598,16.610237
2.341671,0.6778607,16.8205
2.3678942,0.6861236,17.03217
2.3940635,0.6943872,17.245245
2.420181,0.70265186,17.459724
2.4462495,0.7109182,17.675606
2.4722712,0.71918684,17.892889
2.4982495,0.7274586,18.11157
2.5241876,0.7357342,18.33165
2.550089,0.7440147,18.553125
2.5759575,0.7523009,18.775995
2.6017976,0.760594,19.000257
2.6276135,0.76889515,19.22591
2.65341,0.7772055,19.452951
2.679192,0.7855265,19.681377
2.704965,0.7938594,19.911188
2.7307343,0.80220574,20.142378
2.7565057,0.81056696,20.374947
2.782285,0.8189447,20.60889
2.8080783,0.8273406,20.844206
2.833892,0.83575636,21.08089
2.8597329,0.84419376,21.318941
2.885607,0.85265464,21.558352
2.9115217,0.86114085,21.79912
2.9374838,0.8696543,22.041243
2.9635003,0.87819695,22.284714
2.9895785,0.8867708,22.52953
3.0157259,0.8953779,22.775686
3.0419495,0.90402025,23.023178
3.068257,0.91270006,23.272
3.094656,0.9214194,23.522146
3.1211538,0.9301803,23.773611
3.147758,0.93898505,24.02639
3.1744764,0.94783574,24.280476
3.2013164,0.9567346,24.535862
3.2282853,0.96568376,24.792543
3.255391,0.9746854,25.050512
3.2826405,0.98374164,25.309763
3.3100414,0.99285465,25.570286
3.337601,1.0020266,25.832077
3.3653262,1.0112596,26.095127
3.3932242,1.0205556,26.359428
3.4213018,1.0299169,26.624975
3.4495656,1.0393454,26.891758
3.4780223,1.0488431,27.159771
3.506678,1.0584121,27.429005
3.5355392,1.0680541,27.699451
3.5646114,1.0777711,27.971104
3.5939007,1.0875648,28.243954
3.6234124,1.0974371,28.517992
3.6531518,1.1073897,28.793213
3.6831238,1.1174241,29.069609
3.7133331,1.127542,29.34717
3.7437842,1.1377449,29.62589
3.774481,1.1480342,29.905762
3.8054278,1.1584113,30.186777
3.8366277,1.1688775,30.46893
3.868084,1.179434,30.75221
3.8997993,1.1900818,31.036615
3.9317768,1.2008222,31.322136
3.964018,1.2116562,31.608767
3.9965255,1.2225846,31.896502
4.0293,1.2336081,32.185333
4.0623436,1.2447276,32.475258
4.0956564,1.2559435,32.766273
4.1292396,1.2672566,33.058372
4.1630926,1.2786672,33.351547
4.1972156,1.2901756,33.645798
4.231608,1.301782,33.941116
4.2662687,1.3134868,34.237503
4.3011966,1.32529,34.534954
4.33639,1.3371915,34.833466
4.371847,1.3491911,35.133038
4.407565,1.3612887,35.433666
4.4435415,1.3734839,35.73535
4.4797735,1.3857764,36.03809
4.516258,1.3981657,36.34188
4.55299,1.4106511,36.646725
4.589967,1.423232,36.95262
4.6271834,1.4359074,37.25957
4.664635,1.4486766,37.567577
4.702317,1.4615386,37.876637
4.7402244,1.4744923,38.186752
4.778351,1.4875367,38.497925
4.8166904,1.5006703,38.810158
4.8552375,1.5138919,39.12345
4.8939853,1.5272001,39.43781
4.932927,1.5405934,39.753235
4.972056,1.5540702,40.06973
5.011365,1.5676289,40.387295
5.0508466,1.5812676,40.705936
5.0904927,1.5949847,41.025654
5.130296,1.6087782,41.346455
5.1702485,1.6226463,41.668343
5.2103415,1.6365869,41.991318
5.250567,1.6505979,42.315388
5.2909164,1.6646773,42.640553
5.331381,1.6788228,42.966816
5.371952,1.6930321,43.294186
5.4126205,1.7073032,43.62266
5.4533777,1.7216336,43.952248
5.4942145,1.7360209,44.282948
5.535122,1.7504629,44.614765
5.576091,1.7649571,44.947704
5.6171117,1.779501,45.28177
5.658176,1.7940922,45.616962
5.699274,1.8087282,45.953285
5.7403975,1.8234066,46.29074
5.7815366,1.8381248,46.62933
5.822683,1.8528804,46.96906
5.863827,1.8676708,47.309925
5.904961,1.8824936,47.65193
5.946076,1.8973465,47.995083
5.987163,1.9122268,48.33938
6.028214,1.9271322,48.68482
6.069221,1.9420605,49.031406
6.1101756,1.9570091,49.37914
6.1510706,1.9719758,49.72802
6.1918983,1.9869584,50.07805
6.232651,2.0019546,50.429226
6.2733226,2.0169623,50.781548
6.3139057,2.0319793,51.135017
6.354394,2.0470037,51.48963
6.394781,2.0620334,51.84539
6.4350615,2.0770667,52.202293
6.4752293,2.0921016,52.560337
6.51528,2.1071362,52.91952
6.5552077,2.1221693,53.279846
6.5950084,2.137199,53.641304
6.634678,2.1522238,54.0039
6.6742125,2.1672425,54.367622
6.7136087,2.1822538,54.732475
6.7528634,2.1972566,55.098457
6.791974,2.2122495,55.46556
6.8309383,2.2272317,55.833786
6.869755,2.2422023,56.20313
6.9084215,2.2571604,56.57359
6.9469376,2.2721057,56.94516
6.985302,2.2870374,57.31784
7.0235147,2.301955,57.691624
7.0615764,2.316858,58.06651
7.099487,2.3317466,58.442493
7.1372476,2.3466203,58.819572
7.17486,2.3614793,59.197742
7.2123256,2.3763237,59.577
7.2496467,2.3911538,59.95734
7.286826,2.4059699,60.33876
7.3238664,2.4207723,60.721252
7.360771,2.4355617,61.104816
7.397544,2.4503388,61.48945
7.434189,2.4651043,61.875145
7.4707108,2.4798594,62.261898
7.507114,2.4946046,62.649704
7.5434036,2.5093412,63.038563
7.5795856,2.5240707,63.428463
7.6156654,2.538794,63.819405
7.6516495,2.5535128,64.21138
7.687544,2.5682282,64.604385
7.723356,2.5829422,64.99842
7.759092,2.5976563,65.39347
7.7947593,2.6123722,65.789536
7.830365,2.6270916,66.18661
7.8659177,2.6418166,66.58469
7.901425,2.6565492,66.98376
7.9368944,2.6712914,67.38382
7.972335,2.6860452,67.78487
8.007754,2.7008128,68.18689
8.043161,2.7155964,68.58988
8.078565,2.7303982,68.993835
8.113973,2.7452207,69.39875
8.149395,2.7600658,69.80461
8.18484,2.7749362,70.21141
8.220317,2.7898343,70.61914
8.255834,2.8047621,71.027794
8.2914,2.8197224,71.43736
8.327024,2.8347175,71.84784
8.362716,2.8497498,72.25922
8.398482,2.8648217,72.671486
8.434333,2.8799355,73.08463
8.470277,2.8950937,73.49865
8.506321,2.9102986,73.91353
8.542475,2.9255526,74.32926
8.578746,2.940858,74.745834
8.615142,2.9562168,75.163246
8.65167,2.9716315,75.581474
8.688338,2.9871042,76.00052
8.725154,3.0026367,76.42037
8.762123,3.0182314,76.84102
8.7992525,3.03389,77.26245
8.836548,3.0496147,77.684654
8.874016,3.065407,78.10763
8.911661,3.081269,78.53136
8.94949,3.097202,78.95583
8.987506,3.113208,79.38104
9.025714,3.1292882,79.806984
9.064118,3.145444,80.23365
9.102723,3.1616766,80.661026
9.141531,3.1779873,81.08911
9.180545,3.1943772,81.51789
9.219767,3.2108474,81.94736
9.259199,3.2273984,82.37751
9.298843,3.2440314,82.80834
9.3387,3.2607467,83.23984
9.378771,3.277545,83.672005
9.419055,3.2944267,84.10483
9.459553,3.311392,84.53831
9.500264,3.3284414,84.972435
9.541187,3.3455744,85.40721
9.58232,3.3627913,85.84263
9.623662,3.380092,86.27869
9.66521,3.3974757,86.71538
9.706961,3.4149425,87.1527
9.748911,3.4324918,87.59066
9.791058,3.4501226,88.02925
9.833397,3.4678345,88.46847
9.875923,3.4856262,88.90832
9.9186325,3.503497,89.3488
9.961519,3.5214455,89.78991
10.004578,3.5394707,90.23165
10.047801,3.5575712,90.67403
10.091185,3.5757453,91.117035
10.134721,3.5939918,91.560684
10.178402,3.6123085,92.00497
10.222221,3.630694,92.44989
10.266171,3.649146,92.89546
10.310244,3.667663,93.34168
10.35443,3.686243,93.78855
10.398724,3.7048836,94.23608
10.443114,3.7235825,94.68426
10.487593,3.7423375,95.1331
10.532151,3.761146,95.58261
10.576779,3.780006,96.03279
10.621469,3.7989144,96.48364
10.666209,3.817869,96.93517
10.710991,3.836867,97.38738
10.755805,3.855906,97.84028
10.800641,3.874983,98.29386
10.8454895,3.8940954,98.74814
10.890341,3.9132402,99.20311
10.9351845,3.9324148,99.65878
10.980012,3.9516163,100.11516
11.024813,3.970842,100.57224
11.069577,3.9900887,101.03004
11.114296,4.009354,101.48855
11.158959,4.028635,101.94777
11.203558,4.047929,102.40771
11.248083,4.0672326,102.86837
11.292526,4.086544,103.32975
11.336879,4.10586,103.791855
11.381132,4.1251783,104.254684
11.425278,4.144496,104.71824
11.469309,4.1638107,105.18252
11.513217,4.18312,105.64752
11.556995,4.2024207,106.11325
11.600637,4.2217116,106.57971
11.644135,4.24099,107.0469
11.687485,4.260254,107.51481
11.730679,4.279501,107.983444
11.773712,4.2987294,108.452805
11.816581,4.317938,108.92288
11.85928,4.337124,109.393684
11.901806,4.3562865,109.865204
11.944155,4.375424,110.33744
11.986323,4.3945346,110.810394
12.02831,4.4136176,111.28406
12.070111,4.4326715,111.75843
12.111727,4.451696,112.23351
12.153154,4.4706893,112.7093
12.194394,4.4896517,113.18578
12.235446,4.508582,113.66297
12.276311,4.52748,114.140854
12.316989,4.546345,114.61943
12.357482,4.565178,115.098694
12.397792,4.5839777,115.57864
12.437921,4.602745,116.05927
12.477872,4.62148,116.54058
12.517649,4.6401834,117.02257
12.557255,4.6588554,117.50522
12.596695,4.677497,117.98854
12.635974,4.696109,118.47252
12.675097,4.7146926,118.95716
12.714071,4.7332487,119.44245
12.752901,4.7517786,119.92839
12.791594,4.7702837,120.41498
12.830155,4.788766,120.90221
12.868594,4.8072267,121.39007
12.906919,4.8256674,121.878555
12.945135,4.8440905,122.36767
12.9832535,4.8624973,122.8574
13.021282,4.8808904,123.34774
13.05923,4.899272,123.83869
13.097106,4.917644,124.33024
13.134919,4.936009,124.82238
13.17268,4.9543695,125.31511
13.210399,4.972728,125.80842
13.248084,4.991087,126.3023
13.285748,5.009449,126.79675
13.323399,5.027817,127.29176
13.361048,5.046193,127.78732
13.3987055,5.064581,128.28343
13.436382,5.0829825,128.78008
13.474089,5.101401,129.27724
13.511834,5.1198387,129.77492
13.54963,5.138299,130.27312
13.587485,5.1567845,130.77182
13.625411,5.175298,131.27101
13.663416,5.1938424,131.77068
13.70151,5.21242,132.27081
13.739704,5.231034,132.77142
13.778006,5.2496862,133.27249
13.816424,5.26838,133.774
13.854968,5.287118,134.27596
13.893645,5.305902,134.77834
13.932464,5.3247347,135.28113
13.971432,5.343618,135.78433
14.010555,5.3625546,136.28793
14.049842,5.381546,136.79193
14.089297,5.4005947,137.29631
14.128927,5.4197025,137.80106
14.168737,5.438871,138.30617
14.208733,5.4581017,138.81165
14.248917,5.4773965,139.31747
14.289293,5.4967566,139.82364
14.329865,5.516183,140.33014
14.370636,5.535677,140.83698
14.411608,5.555239,141.34413
14.452781,5.574871,141.85161
14.494157,5.5945725,142.3594
14.535737,5.6143446,142.86751
14.57752,5.6341877,143.37592
14.619506,5.654102,143.88463
14.661693,5.674087,144.39365
14.704079,5.6941433,144.90295
14.746661,5.71427,145.41257
14.789438,5.734467,145.92247
14.832405,5.7547336,146.43268
14.875558,5.775069,146.94318
14.918892,5.795473,147.45396
14.962402,5.8159437,147.96506
15.0060835,5.83648,148.47646
15.049929,5.8570814,148.98814
15.093932,5.8777456,149.50014
15.137516,5.8983173,150.00818
15.180689,5.9187975,150.51231
15.223458,5.939187,151.01259
15.265832,5.9594865,151.50905
15.307817,5.9796968,152.00174
15.3494215,5.9998183,152.49069
15.390651,6.0198526,152.97595
15.431512,6.0397997,153.45757
15.472012,6.059661,153.93558
15.5121565,6.079437,154.41002
15.551952,6.099128,154.88092
15.591406,6.118735,155.34833
15.630523,6.138259,155.81229
15.669308,6.1577005,156.27283
15.7077675,6.17706,156.72998
15.745907,6.1963387,157.18378
15.783731,6.2155366,157.63426
15.821246,6.234655,158.08147
15.858457,6.253694,158.52542
15.895368,6.272655,158.96617
15.931984,6.2915382,159.40373
15.968309,6.310344,159.83815
16.004349,6.3290734,160.26944
16.040108,6.347727,160.69765
16.07559,6.366305,161.12279
16.1108,6.384808,161.5449
16.14574,6.4032373,161.96402
16.180418,6.421593,162.38016
16.214834,6.439876,162.79335
16.248995,6.4580865,163.20363
16.282904,6.4762254,163.61102
16.316563,6.4942927,164.01555
16.349977,6.5122895,164.41725
16.38315,6.530216,164.81615
16.416084,6.5480733,165.21225
16.448784,6.5658617,165.60559
16.481253,6.5835814,165.9962
16.513493,6.601233,166.3841
16.545507,6.6188173,166.7693
16.577301,6.636335,167.15186
16.608875,6.6537857,167.53177
16.640234,6.6711707,167.90906
16.67138,6.6884904,168.28375
16.702314,6.705745,168.65588
16.733044,6.7229357,169.02547
16.763569,6.740062,169.39252
16.793892,6.757125,169.75706
16.824015,6.7741246,170.11913
16.853943,6.791062,170.47871
16.883677,6.807937,170.83586
16.91322,6.824751,171.19058
16.942574,6.841503,171.5429
16.97174,6.858195,171.89282
17.000723,6.8748264,172.24037
17.029524,6.891398,172.58557
17.058146,6.90791,172.92845
17.08659,6.924363,173.26901
17.114859,6.9407578,173.60728
17.142954,6.957094,173.94327
17.17088,6.973373,174.277
17.198635,6.989594,174.60847
17.226225,7.0057583,174.93773
17.253649,7.021866,175.26477
17.28091,7.0379176,175.58963
17.308012,7.0539136,175.91231
17.334953,7.069854,176.23282
17.361738,7.085739,176.5512
17.388369,7.10157,176.86743
17.414845,7.117347,177.18156
17.44117,7.1330695,177.49359
17.467344,7.148739,177.80354
17.49337,7.164355,178.11142
17.519249,7.1799183,178.41724
17.544983,7.1954293,178.72101
17.570574,7.210888,179.02277
17.596024,7.226295,179.32251
17.621332,7.2416506,179.62025
17.646503,7.256955,179.91602
17.671537,7.272209,180.2098
17.696436,7.2874126,180.50162
17.721199,7.302566,180.79149
17.74583,7.31767,181.07944
17.77033,7.3327246,181.36546
17.7947,7.34773,181.64958
17.818943,7.3626866,181.93181
17.843058,7.377595,182.21214
17.867046,7.392455,182.4906
17.890911,7.4072676,182.76721
17.914652,7.4220324,183.04196
17.93827,7.43675,183.31488
17.96177,7.451421,183.58598
17.985147,7.466045,183.85527
18.008408,7.480623,184.12276
18.031551,7.495155,184.38844
18.054579,7.509641,184.65234
18.077492,7.524082,184.91447
18.10029,7.538478,185.17485
18.122976,7.552829,185.43347
18.145552,7.567135,185.69035
18.168016,7.581397,185.94551
18.190372,7.595615,186.19894
18.21262,7.609789,186.45068
18.23476,7.6239195,186.70071
18.256794,7.638007,186.94905
18.278723,7.652052,187.19571
18.300547,7.666054,187.4407
18.322268,7.680013,187.68404
18.343887,7.6939306,187.92572
18.365406,7.707806,188.16576
18.386824,7.7216396,188.40416
18.408142,7.7354317,188.64093
18.429363,7.7491827,188.8761
18.450487,7.7628927,189.10965
18.471514,7.776562,189.3416
18.492445,7.790191,189.57196
18.51328,7.80378,189.80074
18.534023,7.817329,190.02794
18.554672,7.830838,190.25359
18.57523,7.844308,190.47768
18.595695,7.8577385,190.70021
18.61607,7.87113,190.9212
18.636354,7.8844824,191.14066
18.65655,7.897796,191.35858
18.676657,7.911072,191.575
18.696676,7.9243093,191.7899
18.71661,7.9375086,192.0033
18.736458,7.9506702,192.2152
18.75622,7.9637947,192.4256
18.775898,7.9768815,192.63452
18.795492,7.9899316,192.84196
18.815002,8.002945,193.04794
18.83443,8.015922,193.25246
18.853777,8.028862,193.45552
18.873043,8.041766,193.65714
18.89223,8.054634,193.85732
18.911335,8.067466,194.05606
18.93036,8.080262,194.25337
18.949308,8.093023,194.44926
18.96818,8.105749,194.64374
18.986973,8.11844,194.8368
19.00569,8.131095,195.02847
19.02433,8.143716,195.21873
19.042896,8.156302,195.40761
19.061388,8.168855,195.5951
19.079805,8.181373,195.7812
19.098148,8.193857,195.96594
19.116419,8.206307,196.1493
19.134617,8.218724,196.33131
19.152744,8.231108,196.51196
19.170801,8.243458,196.69125
19.188787,8.255775,196.8692
19.206703,8.26806,197.0458
19.224548,8.280312,197.22108
19.242325,8.292531,197.39503
19.260033,8.304718,197.56766
19.277674,8.316873,197.73897
19.295248,8.328996,197.90897
19.312754,8.341086,198.07765
19.330194,8.353146,198.24503
19.347569,8.365173,198.4111
19.364878,8.37717,198.5759
19.382122,8.389135,198.7394
19.399302,8.40107,198.90161
19.416418,8.412973,199.06255
19.43347,8.424847,199.22221
19.450459,8.436689,199.3806
19.467386,8.448502,199.53772
19.484251,8.460283,199.69359
19.501055,8.472035,199.84819
19.517797,8.483757,200.00154
19.53448,8.495449,200.15366
19.5511,8.507112,200.30452
19.567661,8.518744,200.45415
19.584164,8.530349,200.60254
19.600607,8.5419235,200.7497
19.616991,8.55347,200.89563
19.633318,8.564986,201.04034
19.649588,8.576474,201.18384
19.6658,8.587934,201.32613
19.681955,8.599365,201.4672
19.698053,8.610768,201.60706
19.714096,8.622143,201.74571
19.730083,8.63349,201.88318
19.746016,8.644809,202.01944
19.761892,8.6561,202.15451
19.777714,8.667364,202.2884
19.793482,8.6786,202.42111
19.809196,8.689809,202.55264
19.824858,8.700991,202.68298
19.840466,8.712146,202.81215
19.85602,8.723273,202.94016
19.871523,8.734374,203.06699
19.886972,8.745448,203.19266
19.90237,8.756495,203.31717
19.917717,8.767517,203.44052
19.933014,8.778512,203.56273
19.94826,8.789481,203.68378
19.963455,8.800424,203.80368
19.978601,8.81134,203.92244
19.993698,8.822231,204.04005
20.008745,8.8330965,204.15654
20.023743,8.843936,204.27188
20.03869,8.854751,204.3861
20.05359,8.86554,204.49918
20.068443,8.876304,204.61115
20.083248,8.887043,204.72198
20.098005,8.897757,204.83171
20.112715,8.908445,204.9403
20.127378,8.919109,205.04779
20.141994,8.9297495,205.15416
20.156565,8.940365,205.25943
20.17109,8.950955,205.36359
20.185568,8.961522,205.46664
20.2,8.972065,205.5686
20.21439,8.982583,205.66946
20.228733,8.993077,205.76923
20.243032,9.003548,205.86789
20.257288,9.013994,205.96547
20.2715,9.024418,206.06195
20.285667,9.034818,206.15735
20.299791,9.045194,206.25166
20.313871,9.055547,206.3449
20.32791,9.065877,206.43704
20.341904,9.076183,206.52812
20.355856,9.086467,206.61812
20.369766,9.096727,206.70705
20.383635,9.106965,206.7949
20.39746,9.117181,206.8817
20.411247,9.127374,206.96742
20.424992,9.137544,207.05208
20.438696,9.147692,207.13568
20.452358,9.157817,207.21822
20.46598,9.16792,207.2997
20.479563,9.178001,207.38011
20.493105,9.188061,207.45947
20.506607,9.198098,207.53778
20.520071,9.208114,207.61505
20.533495,9.218107,207.69127
20.54688,9.22808,207.76643
20.560226,9.23803,207.84056
20.573534,9.24796,207.91364
20.586803,9.257868,207.98567
20.600035,9.267755,208.05667
20.613228,9.27762,208.12663
20.626383,9.287465,208.19556
20.639502,9.297289,208.26344
20.652582,9.307092,208.33029
20.665627,9.316874,208.39612
20.678633,9.326634,208.4609
20.691603,9.336375,208.52467
20.704536,9.346095,208.58742
20.717434,9.355795,208.64912
20.730295,9.365474,208.70981
20.743122,9.375133,208.76947
20.755913,9.384771,208.82811
20.768667,9.39439,208.88574
20.781387,9.403989,208.94235
20.794071,9.413568,208.99794
20.80672,9.423126,209.0525
20.819336,9.432665,209.10606
20.831917,9.442184,209.15862
20.844463,9.451684,209.21014
20.856976,9.461164,209.26067
20.869453,9.470625,209.31018
20.881899,9.480066,209.35869
20.89431,9.489489,209.40619
20.906689,9.498892,209.45268
20.919033,9.508276,209.49817
20.931345,9.517641,209.54265
20.943624,9.526987,209.58612
20.955872,9.536314,209.62859
20.968086,9.545622,209.67006
20.980268,9.554911,209.71053
20.992418,9.564181,209.75
21.004536,9.573433,209.78847
21.016623,9.582666,209.82594
21.028677,9.591882,209.86243
21.040699,9.601078,209.8979
21.05269,9.610256,209.93239
21.064651,9.619416,209.96588
21.076582,9.628558,209.99838
21.08848,9.637682,210.02989
21.100348,9.646788,210.06041
21.112185,9.655875,210.08994
21.123991,9.664946,210.11847
21.135769,9.673998,210.14601
21.147516,9.683032,210.17256
21.159233,9.692049,210.19812
21.170921,9.701048,210.22269
21.182579,9.71003,210.24628
21.194208,9.718994,210.26888
21.205807,9.727941,210.29048
21.217377,9.73687,210.31111
21.228918,9.745782,210.33075
21.24043,9.754677,210.34941
21.251915,9.763555,210.36708
21.26337,9.772415,210.38376
21.274797,9.781259,210.39946
21.286196,9.790086,210.41417
21.297565,9.798896,210.4279
21.308908,9.807689,210.44066
21.320223,9.816465,210.45242
21.33151,9.825225,210.46321
21.34277,9.833968,210.473
21.354002,9.842695,210.48183
21.365206,9.851405,210.48967
21.376383,9.860099,210.49652
21.387533,9.868776,210.5024
21.398657,9.877438,210.5073
21.409754,9.886083,210.5112
21.420824,9.8947115,210.51413
21.431868,9.903324,210.51608
21.442884,9.911921,210.51706
21.453875,9.920501,210.51704
21.46484,9.929066,210.51605
21.475779,9.937614,210.51408
21.48669,9.946147,210.51112
21.497578,9.954664,210.50719
21.508438,9.963165,210.50227
21.519274,9.971651,210.49637
21.530085,9.980122,210.48949
21.540869,9.988576,210.48163
21.551628,9.997015,210.47278
21.562363,10.005439,210.46295
21.573072,10.013847,210.45215
21.583757,10.022241,210.44035
21.594418,10.030619,210.42758
21.605053,10.038981,210.41383
21.615664,10.047329,210.3991
21.626251,10.055661,210.38338
21.636814,10.063979,210.36667
21.647352,10.072282,210.34898
21.657867,10.080569,210.3303
21.668358,10.088842,210.31065
21.678825,10.0971,210.29001
21.689268,10.105344,210.26837
21.699688,10.113572,210.24576
21.710083,10.121786,210.22215
21.720455,10.129985,210.19756
21.730804,10.138169,210.17198
21.74113,10.146339,210.14542
21.751434,10.154495,210.11786
21.761715,10.162637,210.08931
21.771973,10.170764,210.05977
21.782207,10.178877,210.02924
21.79242,10.1869755,209.99771
21.802608,10.19506,209.9652
21.812775,10.20313,209.93169
21.82292,10.211185,209.89719
21.833042,10.219228,209.8617
21.843142,10.227256,209.82521
21.85322,10.23527,209.78773
21.863276,10.24327,209.74925
21.87331,10.251256,209.70978
21.883322,10.259229,209.6693
21.893312,10.267187,209.62782
21.903282,10.275132,209.58534
21.913229,10.283064,209.54187
21.923155,10.290981,209.49739
21.93306,10.298885,209.4519
21.942944,10.306776,209.40541
21.952806,10.314653,209.35791
21.962648,10.322517,209.3094
21.97247,10.330368,209.25989
21.98227,10.338205,209.20937
21.992048,10.346029,209.15784
22.001806,10.35384,209.1053
22.011543,10.361637,209.05176
22.02126,10.369421,208.9972
22.030956,10.377192,208.94162
22.040632,10.38495,208.88503
22.050287,10.392694,208.82741
22.059923,10.400426,208.76878
22.069538,10.408145,208.70914
22.079134,10.415851,208.64847
22.088709,10.423544,208.58678
22.098265,10.431224,208.52406
22.107801,10.438891,208.46031
22.117317,10.446547,208.39554
22.126814,10.454188,208.32974
22.136292,10.461818,208.26291
22.145748,10.469435,208.19505
22.155186,10.477039,208.12616
22.164604,10.484632,208.05623
22.174004,10.492211,207.98526
22.183384,10.499779,207.91325
22.192745,10.507334,207.84021
22.202087,10.514876,207.76613
22.21141,10.522407,207.691
22.220715,10.529924,207.61482
22.230001,10.53743,207.5376
22.23927,10.544923,207.45934
22.248518,10.552403,207.38002
22.257748,10.559873,207.29965
22.26696,10.567329,207.21823
22.276154,10.574775,207.13576
22.285328,10.582208,207.05222
22.294485,10.589628,206.96762
22.303623,10.597037,206.88196
22.312744,10.604434,206.79523
22.321848,10.611819,206.70743
22.330933,10.619193,206.61856
22.34,10.6265545,206.52863
22.349049,10.633904,206.43762
22.35808,10.641243,206.34555
22.367094,10.64857,206.2524
22.376091,10.655885,206.15816
22.385069,10.663188,206.06284
22.39403,10.67048,205.96643
22.402973,10.67776,205.86894
22.4119,10.685029,205.77037
22.420809,10.6922865,205.6707
22.4297,10.6995325,205.56995
22.438576,10.706767,205.4681
22.447433,10.71399,205.36514
22.456274,10.721202,205.2611
22.465097,10.728403,205.15593
22.473906,10.735593,205.04967
22.482697,10.742771,204.94229
22.49147,10.749938,204.8338
22.500227,10.757094,204.7242
22.508968,10.764239,204.61348
22.517693,10.771374,204.50165
22.5264,10.778497,204.38869
22.535091,10.785608,204.2746
22.543766,10.792709,204.15938
22.552425,10.7998,204.04303
22.561068,10.806879,203.92555
22.569695,10.813948,203.80693
22.578304,10.821005,203.68718
22.586899,10.828052,203.56628
22.595476,10.835088,203.44423
22.604038,10.8421135,203.32103
22.612585,10.849128,203.19669
22.621115,10.856132,203.07118
22.62963,10.863125,202.94452
22.638128,10.870108,202.8167
22.646612,10.87708,202.6877
22.65508,10.884042,202.55753
22.663532,10.890993,202.4262
22.671968,10.897934,202.29369
22.68039,10.904864,202.15999
22.688795,10.911784,202.02512
22.697186,10.918694,201.88905
22.70556,10.925592,201.7518
22.71392,10.932482,201.61334
22.722265,10.939361,201.4737
22.730595,10.946229,201.33284
22.738909,10.953087,201.19078
22.74721,10.959935,201.04752
22.755495,10.966773,200.90303
22.763765,10.9736,200.75734
22.77202,10.980418,200.61043
22.780262,10.987226,200.46228
22.788488,10.994023,200.31291
22.7967,11.000811,200.16231
22.804895,11.007588,200.01047
22.813078,11.014356,199.85738
22.821245,11.021113,199.70303
22.8294,11.027862,199.54745
22.837538,11.034599,199.39061
22.845663,11.041327,199.23251
22.853773,11.048046,199.07315
22.86187,11.054755,198.91252
22.869951,11.061454,198.75061
22.87802,11.068143,198.58742
22.886072,11.074822,198.42294
22.894112,11.081492,198.25719
22.902138,11.088153,198.09013
22.910149,11.094804,197.92178
22.918146,11.101445,197.75214
22.92613,11.108077,197.58118
22.934101,11.114699,197.4089
22.942057,11.121312,197.23532
22.949999,11.127915,197.06041
22.957928,11.134509,196.88417
22.965843,11.141093,196.7066
22.973745,11.147668,196.5277
22.981634,11.154233,196.34744
22.98951,11.1607895,196.16585
22.997372,11.167336,195.9829
23.00522,11.173874,195.79858
23.013056,11.180402,195.6129
23.020878,11.186921,195.42584
23.028687,11.193431,195.23741
23.036482,11.199932,195.04759
23.044264,11.206424,194.85638
23.052032,11.212906,194.66379
23.059788,11.219379,194.46979
23.06753,11.225843,194.27438
23.07526,11.232299,194.07756
23.082977,11.238745,193.87932
23.090681,11.245182,193.67966
23.098372,11.251611,193.47856
23.10605,11.25803,193.27603
23.113716,11.264441,193.07205
23.121368,11.270842,192.86662
23.12901,11.277234,192.65973
